Marcatore;Codice_volo;Nome;Cognome;Prezzo;Citta_partenza;Citta_arrivo;distanza_percorsa;...;MarcatoreN;Codice_voloN;NomeN;CognomeN;PrezzoN;Citta_partenzaN;Citta_arrivoN;distanza_percorsaN
***;AK033;Martina;Marino;471;Vienna;Zurigo;608;***;AK018;Andrea;Ferrari;531;Praga;Zurigo;570
***;AK013;Alice;Rossi;349;Praga;Madrid;1839;***;AK009;Gabriele;Gallo;423;Milano;Zurigo;180
***;AK008;Martina;Ferrari;649;Milano;Lisbona;1677;***;AK014;Mattia;Esposito;640;Praga;Barcellona;1312
***;AK020;Beatrice;Greco;356;Londra;Parigi;559;***;AK046;Lorenzo;Rizzo;424;Barcellona;Berlino;1457
***;AK050;Beatrice;Colombo;760;Bruxelles;Lisbona;2126
***;AK003;Andrea;Russo;7;Milano;Parigi;559
***;AK032;Giorgia;Costa;747;Vienna;Lisbona;2236;***;AK004;Leonardo;Romano;311;Milano;Madrid;1250;***;AK020;Leonardo;Rinaldi;715;Londra;Parigi;559
***;AK022;Giulia;Rinaldi;261;Londra;Barcellona;1118;***;AK005;Lorenzo;Ricci;632;Milano;Barcellona;707
***;AK026;Lorenzo;Rinaldi;532;Londra;Zurigo;965
***;AK048;Leonardo;Rizzo;288;Barcellona;Zurigo;763;***;AK039;Martina;Bianchi;875;Parigi;Zurigo;412
***;AK020;Beatrice;Gallo;862;Londra;Parigi;559;***;AK042;Andrea;Fontana;738;Madrid;Berlino;1952
***;AK017;Sofia;Romano;967;Praga;Lisbona;2232;***;AK021;Lorenzo;Rizzo;461;Londra;Madrid;1250;***;AK039;Mattia;Marino;732;Parigi;Zurigo;412
***;AK025;Gabriele;Mancini;508;Londra;Lisbona;1346
***;AK049;Alessandro;Greco;54;Bruxelles;Berlino;180;***;AK042;Ginevra;Rossi;418;Madrid;Berlino;1952;***;AK048;Mattia;Gallo;341;Barcellona;Zurigo;763
***;AK006;Beatrice;Greco;664;Milano;Bruxelles;657
***;AK019;Matteo;Ferrari;529;Londra;Vienna;1520;***;AK014;Greta;Rizzo;48;Praga;Barcellona;1312
***;AK003;Gabriele;Costa;968;Milano;Parigi;559;***;AK048;Beatrice;Conti;100;Barcellona;Zurigo;763;***;AK010;Tommaso;Rizzo;804;Praga;Londra;1350
***;AK050;Sofia;Costa;388;Bruxelles;Lisbona;2126;***;AK019;Sofia;Rossi;724;Londra;Vienna;1520
***;AK047;Ginevra;Bianchi;925;Barcellona;Lisbona;1030;***;AK054;Sofia;Conti;908;Lisbona;Zurigo;1664
***;AK029;Alice;Ricci;185;Vienna;Barcellona;1250;***;AK006;Riccardo;Rossi;536;Milano;Bruxelles;657;***;AK007;Ginevra;Marino;913;Milano;Berlino;790
***;AK005;Francesco;Greco;312;Milano;Barcellona;707;***;AK004;Martina;Marino;222;Milano;Madrid;1250
***;AK024;Lorenzo;Rizzo;612;Londra;Berlino;1274
***;AK029;Lorenzo;Ricci;767;Vienna;Barcellona;1250;***;AK037;Alessandro;Marino;205;Parigi;Berlino;901;***;AK005;Martina;Rossi;244;Milano;Barcellona;707
***;AK024;Tommaso;Greco;90;Londra;Berlino;1274;***;AK022;Alice;Mancini;569;Londra;Barcellona;1118;***;AK025;Francesco;Mancini;797;Londra;Lisbona;1346
***;AK030;Martina;Gallo;223;Vienna;Bruxelles;565;***;AK004;Gabriele;Moretti;178;Milano;Madrid;1250
***;AK015;Beatrice;Bianchi;473;Praga;Bruxelles;291;***;AK050;Greta;Bianchi;883;Bruxelles;Lisbona;2126;***;AK039;Andrea;Conti;991;Parigi;Zurigo;412
***;AK040;Aurora;Bianchi;109;Madrid;Barcellona;559;***;AK016;Emma;Esposito;897;Praga;Berlino;269
***;AK006;Mattia;Mancini;828;Milano;Bruxelles;657;***;AK005;Greta;Rinaldi;722;Milano;Barcellona;707;***;AK037;Alice;Russo;29;Parigi;Berlino;901
***;AK029;Leonardo;Romano;558;Vienna;Barcellona;1250
***;AK021;Alice;Moretti;499;Londra;Madrid;1250
***;AK010;Alice;Gallo;418;Praga;Londra;1350;***;AK002;Andrea;Romano;635;Milano;Vienna;559;***;AK010;Greta;Rossi;527;Praga;Londra;1350
***;AK019;Sofia;Rizzo;872;Londra;Vienna;1520;***;AK026;Giulia;Marino;491;Londra;Zurigo;965;***;AK038;Aurora;Gallo;577;Parigi;Lisbona;1414
***;AK000;Sofia;Ferrari;721;Milano;Praga;610;***;AK005;Giulia;Rinaldi;912;Milano;Barcellona;707
***;AK050;Lorenzo;Marino;922;Bruxelles;Lisbona;2126;***;AK011;Lorenzo;Esposito;813;Praga;Vienna;291
***;AK012;Giulia;Marino;341;Praga;Parigi;886;***;AK007;Andrea;Gallo;604;Milano;Berlino;790;***;AK037;Andrea;Greco;952;Parigi;Berlino;901
***;AK033;Sofia;Russo;883;Vienna;Zurigo;608;***;AK047;Ginevra;Russo;756;Barcellona;Lisbona;1030;***;AK025;Lorenzo;Gallo;612;Londra;Lisbona;1346
***;AK045;Beatrice;Rinaldi;71;Barcellona;Bruxelles;1297;***;AK041;Ginevra;Marino;248;Madrid;Bruxelles;1780
***;AK001;Leonardo;Marino;51;Milano;Londra;1118;***;AK028;Aurora;Rizzo;472;Vienna;Madrid;1802;***;AK018;Alice;Romano;7;Praga;Zurigo;570
***;AK019;Alessandro;Romano;768;Londra;Vienna;1520;***;AK053;Francesco;Costa;536;Berlino;Zurigo;694
***;AK036;Lorenzo;Esposito;429;Parigi;Bruxelles;721
***;AK024;Emma;Rizzo;833;Londra;Berlino;1274;***;AK016;Andrea;Colombo;125;Praga;Berlino;269
***;AK045;Sofia;Romano;351;Barcellona;Bruxelles;1297
***;AK039;Alice;Mancini;705;Parigi;Zurigo;412;***;AK030;Mattia;Gallo;218;Vienna;Bruxelles;565;***;AK009;Emma;Bianchi;708;Milano;Zurigo;180
***;AK008;Gabriele;Rossi;146;Milano;Lisbona;1677
***;AK038;Francesco;Ferrari;671;Parigi;Lisbona;1414
***;AK007;Mattia;Esposito;395;Milano;Berlino;790;***;AK026;Alessandro;Rinaldi;534;Londra;Zurigo;965;***;AK015;Francesco;Marino;653;Praga;Bruxelles;291
***;AK047;Aurora;Romano;856;Barcellona;Lisbona;1030
***;AK031;Martina;Fontana;949;Vienna;Berlino;559;***;AK019;Mattia;Conti;73;Londra;Vienna;1520
***;AK054;Leonardo;Gallo;94;Lisbona;Zurigo;1664
***;AK047;Giorgia;Rizzo;434;Barcellona;Lisbona;1030;***;AK018;Matteo;Colombo;756;Praga;Zurigo;570
***;AK026;Mattia;Mancini;837;Londra;Zurigo;965
***;AK007;Giulia;Moretti;353;Milano;Berlino;790;***;AK045;Alessandro;Gallo;987;Barcellona;Bruxelles;1297;***;AK016;Mattia;Russo;376;Praga;Berlino;269
***;AK007;Andrea;Costa;296;Milano;Berlino;790;***;AK050;Ginevra;Greco;234;Bruxelles;Lisbona;2126
***;AK023;Tommaso;Greco;92;Londra;Bruxelles;1110;***;AK016;Francesco;Marino;631;Praga;Berlino;269
***;AK042;Gabriele;Esposito;316;Madrid;Berlino;1952;***;AK010;Giulia;Colombo;481;Praga;Londra;1350;***;AK016;Beatrice;Russo;598;Praga;Berlino;269
***;AK040;Andrea;Russo;838;Madrid;Barcellona;559;***;AK004;Ginevra;Rizzo;989;Milano;Madrid;1250
***;AK025;Greta;Marino;477;Londra;Lisbona;1346;***;AK051;Martina;Greco;391;Bruxelles;Zurigo;538
***;AK052;Giorgia;Ferrari;224;Berlino;Lisbona;2304
***;AK033;Riccardo;Fontana;24;Vienna;Zurigo;608
***;AK012;Francesco;Rizzo;374;Praga;Parigi;886;***;AK023;Riccardo;Esposito;229;Londra;Bruxelles;1110;***;AK032;Mattia;Colombo;627;Vienna;Lisbona;2236
***;AK022;Sofia;Mancini;829;Londra;Barcellona;1118;***;AK015;Ginevra;Greco;723;Praga;Bruxelles;291
***;AK033;Sofia;Mancini;327;Vienna;Zurigo;608
***;AK001;Martina;Fontana;415;Milano;Londra;1118;***;AK030;Gabriele;Greco;1;Vienna;Bruxelles;565;***;AK040;Leonardo;Rizzo;133;Madrid;Barcellona;559
***;AK021;Greta;Rizzo;983;Londra;Madrid;1250;***;AK049;Greta;Romano;117;Bruxelles;Berlino;180;***;AK039;Alice;Romano;440;Parigi;Zurigo;412
***;AK015;Ginevra;Rizzo;184;Praga;Bruxelles;291;***;AK023;Riccardo;Greco;52;Londra;Bruxelles;1110
***;AK019;Alice;Conti;368;Londra;Vienna;1520;***;AK025;Giorgia;Colombo;172;Londra;Lisbona;1346
***;AK000;Sofia;Ferrari;15;Milano;Praga;610;***;AK048;Giulia;Ferrari;687;Barcellona;Zurigo;763;***;AK029;Gabriele;Russo;715;Vienna;Barcellona;1250
***;AK032;Sofia;Costa;265;Vienna;Lisbona;2236;***;AK015;Greta;Russo;49;Praga;Bruxelles;291
***;AK019;Leonardo;Bianchi;876;Londra;Vienna;1520
***;AK000;Greta;Bianchi;219;Milano;Praga;610;***;AK014;Giulia;Romano;681;Praga;Barcellona;1312
***;AK027;Emma;Rinaldi;991;Vienna;Parigi;1000
***;AK026;Tommaso;Costa;262;Londra;Zurigo;965;***;AK020;Aurora;Mancini;591;Londra;Parigi;559;***;AK033;Alessandro;Conti;964;Vienna;Zurigo;608
***;AK050;Matteo;Marino;134;Bruxelles;Lisbona;2126
***;AK041;Alessandro;Rinaldi;723;Madrid;Bruxelles;1780
***;AK023;Lorenzo;Ricci;654;Londra;Bruxelles;1110
***;AK006;Giulia;Fontana;163;Milano;Bruxelles;657;***;AK044;Ginevra;Russo;408;Madrid;Zurigo;1272;***;AK007;Greta;Rinaldi;964;Milano;Berlino;790
***;AK047;Tommaso;Ricci;413;Barcellona;Lisbona;1030
***;AK042;Matteo;Rinaldi;150;Madrid;Berlino;1952
***;AK046;Alice;Esposito;327;Barcellona;Berlino;1457;***;AK002;Tommaso;Costa;26;Milano;Vienna;559
***;AK007;Matteo;Rinaldi;635;Milano;Berlino;790;***;AK041;Martina;Russo;509;Madrid;Bruxelles;1780
***;AK013;Beatrice;Esposito;898;Praga;Madrid;1839
***;AK028;Beatrice;Ricci;234;Vienna;Madrid;1802;***;AK009;Francesco;Moretti;239;Milano;Zurigo;180;***;AK004;Alice;Russo;876;Milano;Madrid;1250
***;AK031;Giorgia;Marino;508;Vienna;Berlino;559;***;AK034;Alice;Rossi;697;Parigi;Madrid;1118;***;AK016;Beatrice;Esposito;62;Praga;Berlino;269
***;AK010;Riccardo;Esposito;27;Praga;Londra;1350;***;AK005;Gabriele;Marino;131;Milano;Barcellona;707;***;AK011;Alice;Costa;109;Praga;Vienna;291
***;AK040;Aurora;Russo;315;Madrid;Barcellona;559
***;AK015;Emma;Costa;124;Praga;Bruxelles;291;***;AK054;Aurora;Gallo;621;Lisbona;Zurigo;1664
***;AK001;Mattia;Greco;627;Milano;Londra;1118;***;AK031;Andrea;Gallo;994;Vienna;Berlino;559
***;AK026;Emma;Bianchi;507;Londra;Zurigo;965
***;AK005;Giorgia;Ricci;156;Milano;Barcellona;707;***;AK034;Riccardo;Conti;783;Parigi;Madrid;1118;***;AK023;Leonardo;Ferrari;748;Londra;Bruxelles;1110
***;AK027;Ginevra;Ricci;993;Vienna;Parigi;1000;***;AK045;Giulia;Rizzo;467;Barcellona;Bruxelles;1297
***;AK025;Emma;Esposito;302;Londra;Lisbona;1346;***;AK032;Gabriele;Esposito;183;Vienna;Lisbona;2236;***;AK017;Andrea;Colombo;437;Praga;Lisbona;2232
***;AK018;Beatrice;Rossi;402;Praga;Zurigo;570;***;AK035;Mattia;Mancini;167;Parigi;Barcellona;750;***;AK041;Tommaso;Ferrari;133;Madrid;Bruxelles;1780
***;AK040;Giorgia;Bianchi;31;Madrid;Barcellona;559;***;AK038;Ginevra;Esposito;874;Parigi;Lisbona;1414;***;AK016;Giulia;Russo;957;Praga;Berlino;269
***;AK012;Riccardo;Moretti;104;Praga;Parigi;886
***;AK025;Beatrice;Moretti;338;Londra;Lisbona;1346;***;AK044;Leonardo;Greco;316;Madrid;Zurigo;1272
***;AK044;Greta;Romano;731;Madrid;Zurigo;1272;***;AK048;Tommaso;Fontana;547;Barcellona;Zurigo;763
***;AK011;Lorenzo;Moretti;211;Praga;Vienna;291
***;AK026;Tommaso;Fontana;877;Londra;Zurigo;965
***;AK048;Alessandro;Mancini;80;Barcellona;Zurigo;763
***;AK036;Ginevra;Mancini;519;Parigi;Bruxelles;721;***;AK008;Riccardo;Gallo;308;Milano;Lisbona;1677
***;AK026;Matteo;Esposito;717;Londra;Zurigo;965;***;AK038;Beatrice;Ricci;384;Parigi;Lisbona;1414
***;AK004;Aurora;Colombo;793;Milano;Madrid;1250;***;AK037;Andrea;Ferrari;244;Parigi;Berlino;901
***;AK044;Mattia;Mancini;424;Madrid;Zurigo;1272;***;AK050;Riccardo;Mancini;635;Bruxelles;Lisbona;2126
***;AK022;Leonardo;Bianchi;73;Londra;Barcellona;1118;***;AK007;Lorenzo;Rinaldi;637;Milano;Berlino;790;***;AK009;Martina;Rossi;968;Milano;Zurigo;180
***;AK035;Greta;Gallo;29;Parigi;Barcellona;750
***;AK003;Greta;Costa;128;Milano;Parigi;559;***;AK037;Matteo;Conti;139;Parigi;Berlino;901
***;AK018;Ginevra;Costa;626;Praga;Zurigo;570
***;AK028;Andrea;Bianchi;510;Vienna;Madrid;1802
***;AK003;Emma;Ferrari;162;Milano;Parigi;559;***;AK041;Lorenzo;Greco;891;Madrid;Bruxelles;1780
***;AK025;Tommaso;Greco;205;Londra;Lisbona;1346;***;AK032;Francesco;Moretti;671;Vienna;Lisbona;2236;***;AK052;Alessandro;Colombo;717;Berlino;Lisbona;2304
***;AK011;Sofia;Ferrari;513;Praga;Vienna;291;***;AK018;Sofia;Rizzo;652;Praga;Zurigo;570
***;AK021;Matteo;Bianchi;989;Londra;Madrid;1250;***;AK047;Andrea;Moretti;526;Barcellona;Lisbona;1030;***;AK043;Giulia;Rossi;942;Madrid;Lisbona;500
***;AK033;Alice;Bianchi;522;Vienna;Zurigo;608;***;AK032;Mattia;Rizzo;262;Vienna;Lisbona;2236;***;AK017;Alessandro;Costa;720;Praga;Lisbona;2232
***;AK027;Alessandro;Conti;161;Vienna;Parigi;1000;***;AK025;Giorgia;Gallo;882;Londra;Lisbona;1346
***;AK024;Gabriele;Conti;61;Londra;Berlino;1274
***;AK008;Emma;Costa;700;Milano;Lisbona;1677;***;AK016;Sofia;Gallo;650;Praga;Berlino;269
***;AK001;Greta;Romano;30;Milano;Londra;1118;***;AK022;Giorgia;Greco;368;Londra;Barcellona;1118
***;AK021;Giulia;Costa;244;Londra;Madrid;1250;***;AK049;Riccardo;Romano;909;Bruxelles;Berlino;180
***;AK034;Beatrice;Conti;541;Parigi;Madrid;1118
***;AK051;Matteo;Esposito;421;Bruxelles;Zurigo;538
***;AK012;Andrea;Russo;102;Praga;Parigi;886;***;AK009;Giulia;Romano;204;Milano;Zurigo;180;***;AK014;Tommaso;Rizzo;608;Praga;Barcellona;1312
***;AK020;Riccardo;Colombo;930;Londra;Parigi;559
***;AK008;Giulia;Mancini;338;Milano;Lisbona;1677
***;AK017;Alice;Rossi;776;Praga;Lisbona;2232
***;AK041;Ginevra;Fontana;584;Madrid;Bruxelles;1780
***;AK041;Beatrice;Rossi;219;Madrid;Bruxelles;1780;***;AK015;Gabriele;Gallo;943;Praga;Bruxelles;291;***;AK048;Sofia;Conti;442;Barcellona;Zurigo;763
***;AK010;Sofia;Colombo;593;Praga;Londra;1350;***;AK005;Beatrice;Moretti;411;Milano;Barcellona;707;***;AK041;Ginevra;Mancini;782;Madrid;Bruxelles;1780
***;AK047;Sofia;Ricci;976;Barcellona;Lisbona;1030
***;AK000;Andrea;Colombo;615;Milano;Praga;610;***;AK010;Sofia;Esposito;578;Praga;Londra;1350
***;AK009;Andrea;Russo;552;Milano;Zurigo;180
***;AK048;Sofia;Conti;268;Barcellona;Zurigo;763
***;AK022;Alessandro;Bianchi;309;Londra;Barcellona;1118
***;AK035;Riccardo;Ferrari;485;Parigi;Barcellona;750;***;AK004;Francesco;Ferrari;521;Milano;Madrid;1250
***;AK020;Gabriele;Mancini;22;Londra;Parigi;559;***;AK052;Ginevra;Ferrari;224;Berlino;Lisbona;2304;***;AK050;Sofia;Rinaldi;91;Bruxelles;Lisbona;2126
***;AK004;Martina;Costa;857;Milano;Madrid;1250;***;AK041;Lorenzo;Rizzo;982;Madrid;Bruxelles;1780
***;AK020;Tommaso;Mancini;587;Londra;Parigi;559;***;AK040;Leonardo;Ricci;901;Madrid;Barcellona;559;***;AK021;Tommaso;Marino;979;Londra;Madrid;1250
***;AK032;Martina;Greco;849;Vienna;Lisbona;2236;***;AK021;Tommaso;Ferrari;163;Londra;Madrid;1250;***;AK054;Andrea;Colombo;367;Lisbona;Zurigo;1664
***;AK008;Francesco;Romano;897;Milano;Lisbona;1677;***;AK011;Beatrice;Rizzo;338;Praga;Vienna;291
***;AK037;Martina;Rossi;562;Parigi;Berlino;901
***;AK008;Tommaso;Costa;39;Milano;Lisbona;1677
***;AK014;Matteo;Conti;71;Praga;Barcellona;1312;***;AK012;Beatrice;Costa;40;Praga;Parigi;886;***;AK001;Alice;Colombo;504;Milano;Londra;1118
***;AK039;Ginevra;Gallo;463;Parigi;Zurigo;412;***;AK048;Emma;Ricci;665;Barcellona;Zurigo;763;***;AK051;Alice;Moretti;614;Bruxelles;Zurigo;538
***;AK009;Greta;Rizzo;34;Milano;Zurigo;180;***;AK024;Mattia;Russo;762;Londra;Berlino;1274;***;AK045;Francesco;Ferrari;152;Barcellona;Bruxelles;1297
***;AK027;Alice;Moretti;273;Vienna;Parigi;1000
***;AK054;Lorenzo;Conti;363;Lisbona;Zurigo;1664;***;AK026;Sofia;Mancini;424;Londra;Zurigo;965
***;AK012;Aurora;Esposito;857;Praga;Parigi;886;***;AK034;Lorenzo;Marino;813;Parigi;Madrid;1118
***;AK031;Tommaso;Mancini;894;Vienna;Berlino;559
***;AK018;Lorenzo;Russo;542;Praga;Zurigo;570
***;AK005;Lorenzo;Bianchi;293;Milano;Barcellona;707;***;AK043;Gabriele;Mancini;121;Madrid;Lisbona;500
***;AK032;Emma;Costa;562;Vienna;Lisbona;2236
***;AK047;Lorenzo;Gallo;437;Barcellona;Lisbona;1030;***;AK037;Beatrice;Ricci;545;Parigi;Berlino;901;***;AK007;Aurora;Costa;822;Milano;Berlino;790
***;AK000;Matteo;Marino;103;Milano;Praga;610
***;AK052;Alessandro;Rinaldi;767;Berlino;Lisbona;2304;***;AK025;Beatrice;Colombo;309;Londra;Lisbona;1346
***;AK001;Giulia;Marino;161;Milano;Londra;1118;***;AK028;Ginevra;Rinaldi;196;Vienna;Madrid;1802;***;AK034;Tommaso;Colombo;628;Parigi;Madrid;1118
***;AK049;Gabriele;Mancini;687;Bruxelles;Berlino;180
***;AK033;Emma;Gallo;447;Vienna;Zurigo;608;***;AK048;Aurora;Esposito;530;Barcellona;Zurigo;763
***;AK036;Beatrice;Rizzo;469;Parigi;Bruxelles;721
***;AK016;Francesco;Rinaldi;355;Praga;Berlino;269;***;AK046;Greta;Rizzo;754;Barcellona;Berlino;1457
***;AK010;Mattia;Rizzo;210;Praga;Londra;1350
***;AK054;Aurora;Moretti;409;Lisbona;Zurigo;1664;***;AK009;Ginevra;Conti;194;Milano;Zurigo;180
***;AK047;Alice;Esposito;484;Barcellona;Lisbona;1030
***;AK006;Leonardo;Fontana;679;Milano;Bruxelles;657;***;AK048;Andrea;Moretti;857;Barcellona;Zurigo;763;***;AK041;Mattia;Greco;354;Madrid;Bruxelles;1780
***;AK025;Emma;Russo;597;Londra;Lisbona;1346
***;AK036;Beatrice;Romano;526;Parigi;Bruxelles;721;***;AK044;Greta;Costa;804;Madrid;Zurigo;1272;***;AK006;Lorenzo;Esposito;201;Milano;Bruxelles;657
***;AK037;Giorgia;Ricci;407;Parigi;Berlino;901;***;AK021;Martina;Costa;326;Londra;Madrid;1250
***;AK009;Martina;Marino;377;Milano;Zurigo;180;***;AK041;Giulia;Greco;389;Madrid;Bruxelles;1780;***;AK000;Ginevra;Ricci;163;Milano;Praga;610
***;AK020;Lorenzo;Rossi;23;Londra;Parigi;559;***;AK030;Greta;Bianchi;638;Vienna;Bruxelles;565;***;AK030;Sofia;Costa;22;Vienna;Bruxelles;565
***;AK014;Giulia;Rizzo;698;Praga;Barcellona;1312;***;AK048;Martina;Rizzo;188;Barcellona;Zurigo;763;***;AK037;Ginevra;Gallo;807;Parigi;Berlino;901
***;AK003;Giorgia;Mancini;987;Milano;Parigi;559;***;AK020;Andrea;Rizzo;702;Londra;Parigi;559;***;AK037;Leonardo;Costa;492;Parigi;Berlino;901
***;AK043;Aurora;Ferrari;563;Madrid;Lisbona;500;***;AK036;Matteo;Mancini;75;Parigi;Bruxelles;721
***;AK036;Sofia;Conti;742;Parigi;Bruxelles;721;***;AK037;Sofia;Colombo;128;Parigi;Berlino;901
***;AK047;Francesco;Rinaldi;261;Barcellona;Lisbona;1030;***;AK003;Mattia;Russo;17;Milano;Parigi;559;***;AK016;Giorgia;Bianchi;845;Praga;Berlino;269
***;AK054;Leonardo;Conti;829;Lisbona;Zurigo;1664
***;AK004;Beatrice;Russo;488;Milano;Madrid;1250;***;AK048;Ginevra;Fontana;520;Barcellona;Zurigo;763;***;AK009;Matteo;Greco;629;Milano;Zurigo;180
***;AK022;Greta;Ricci;940;Londra;Barcellona;1118
***;AK012;Riccardo;Greco;266;Praga;Parigi;886;***;AK030;Tommaso;Marino;889;Vienna;Bruxelles;565
***;AK047;Alessandro;Esposito;575;Barcellona;Lisbona;1030;***;AK036;Matteo;Ricci;431;Parigi;Bruxelles;721
***;AK022;Lorenzo;Mancini;765;Londra;Barcellona;1118;***;AK006;Francesco;Rizzo;90;Milano;Bruxelles;657;***;AK019;Francesco;Rinaldi;876;Londra;Vienna;1520
***;AK013;Ginevra;Rinaldi;2;Praga;Madrid;1839
***;AK042;Andrea;Fontana;398;Madrid;Berlino;1952;***;AK001;Giorgia;Rizzo;100;Milano;Londra;1118
***;AK012;Leonardo;Fontana;191;Praga;Parigi;886
***;AK016;Alessandro;Rinaldi;576;Praga;Berlino;269
***;AK047;Sofia;Esposito;445;Barcellona;Lisbona;1030;***;AK046;Ginevra;Bianchi;544;Barcellona;Berlino;1457
***;AK007;Alice;Esposito;285;Milano;Berlino;790;***;AK036;Giorgia;Bianchi;880;Parigi;Bruxelles;721
***;AK041;Matteo;Ferrari;955;Madrid;Bruxelles;1780;***;AK051;Riccardo;Bianchi;677;Bruxelles;Zurigo;538;***;AK031;Lorenzo;Rossi;218;Vienna;Berlino;559
***;AK030;Tommaso;Mancini;494;Vienna;Bruxelles;565
***;AK048;Sofia;Romano;887;Barcellona;Zurigo;763
***;AK016;Matteo;Mancini;191;Praga;Berlino;269;***;AK006;Beatrice;Conti;679;Milano;Bruxelles;657;***;AK001;Andrea;Gallo;88;Milano;Londra;1118
***;AK013;Emma;Rossi;575;Praga;Madrid;1839;***;AK040;Greta;Rossi;410;Madrid;Barcellona;559
***;AK008;Gabriele;Rinaldi;160;Milano;Lisbona;1677;***;AK022;Aurora;Russo;937;Londra;Barcellona;1118
***;AK010;Alessandro;Greco;89;Praga;Londra;1350;***;AK002;Giulia;Mancini;804;Milano;Vienna;559
***;AK014;Matteo;Marino;560;Praga;Barcellona;1312;***;AK040;Martina;Rizzo;583;Madrid;Barcellona;559
***;AK016;Alessandro;Conti;494;Praga;Berlino;269;***;AK014;Greta;Colombo;425;Praga;Barcellona;1312
***;AK035;Greta;Rinaldi;441;Parigi;Barcellona;750;***;AK040;Greta;Romano;127;Madrid;Barcellona;559;***;AK005;Beatrice;Costa;196;Milano;Barcellona;707
***;AK053;Leonardo;Ricci;671;Berlino;Zurigo;694;***;AK050;Mattia;Rizzo;487;Bruxelles;Lisbona;2126
***;AK025;Aurora;Gallo;558;Londra;Lisbona;1346;***;AK041;Riccardo;Colombo;970;Madrid;Bruxelles;1780;***;AK041;Aurora;Rossi;76;Madrid;Bruxelles;1780
***;AK035;Riccardo;Esposito;154;Parigi;Barcellona;750;***;AK043;Gabriele;Rizzo;142;Madrid;Lisbona;500;***;AK008;Alessandro;Rossi;664;Milano;Lisbona;1677
***;AK045;Alice;Ferrari;379;Barcellona;Bruxelles;1297
***;AK052;Sofia;Moretti;426;Berlino;Lisbona;2304;***;AK045;Martina;Mancini;524;Barcellona;Bruxelles;1297;***;AK037;Alessandro;Ferrari;248;Parigi;Berlino;901
***;AK044;Aurora;Romano;793;Madrid;Zurigo;1272
***;AK023;Giulia;Greco;109;Londra;Bruxelles;1110;***;AK016;Sofia;Mancini;979;Praga;Berlino;269
***;AK032;Martina;Ferrari;421;Vienna;Lisbona;2236;***;AK034;Leonardo;Fontana;713;Parigi;Madrid;1118
***;AK020;Greta;Marino;30;Londra;Parigi;559
***;AK043;Giulia;Rizzo;167;Madrid;Lisbona;500
***;AK018;Ginevra;Moretti;528;Praga;Zurigo;570
***;AK028;Greta;Mancini;361;Vienna;Madrid;1802;***;AK046;Alice;Russo;638;Barcellona;Berlino;1457
***;AK003;Francesco;Bianchi;504;Milano;Parigi;559
***;AK010;Giulia;Moretti;369;Praga;Londra;1350
***;AK052;Alessandro;Bianchi;188;Berlino;Lisbona;2304
***;AK013;Lorenzo;Rossi;101;Praga;Madrid;1839;***;AK013;Greta;Rinaldi;337;Praga;Madrid;1839;***;AK038;Alessandro;Russo;35;Parigi;Lisbona;1414
***;AK001;Alice;Moretti;127;Milano;Londra;1118
***;AK015;Leonardo;Mancini;253;Praga;Bruxelles;291
***;AK006;Alice;Marino;865;Milano;Bruxelles;657;***;AK043;Emma;Conti;440;Madrid;Lisbona;500
***;AK033;Tommaso;Colombo;13;Vienna;Zurigo;608
***;AK051;Alessandro;Rinaldi;788;Bruxelles;Zurigo;538;***;AK017;Beatrice;Conti;575;Praga;Lisbona;2232;***;AK015;Riccardo;Greco;366;Praga;Bruxelles;291
***;AK007;Gabriele;Costa;592;Milano;Berlino;790;***;AK034;Giorgia;Ferrari;509;Parigi;Madrid;1118;***;AK011;Martina;Bianchi;975;Praga;Vienna;291
***;AK016;Francesco;Colombo;690;Praga;Berlino;269
***;AK012;Gabriele;Russo;752;Praga;Parigi;886
***;AK030;Aurora;Ricci;141;Vienna;Bruxelles;565;***;AK032;Mattia;Fontana;24;Vienna;Lisbona;2236;***;AK037;Greta;Rizzo;71;Parigi;Berlino;901
***;AK018;Martina;Esposito;860;Praga;Zurigo;570;***;AK019;Mattia;Colombo;701;Londra;Vienna;1520;***;AK047;Lorenzo;Rinaldi;362;Barcellona;Lisbona;1030
***;AK010;Matteo;Rossi;259;Praga;Londra;1350;***;AK023;Alice;Rossi;11;Londra;Bruxelles;1110;***;AK040;Andrea;Russo;390;Madrid;Barcellona;559
***;AK041;Martina;Moretti;431;Madrid;Bruxelles;1780;***;AK016;Lorenzo;Romano;572;Praga;Berlino;269
***;AK026;Alice;Conti;461;Londra;Zurigo;965;***;AK010;Greta;Rizzo;723;Praga;Londra;1350
***;AK043;Martina;Gallo;499;Madrid;Lisbona;500
***;AK002;Alice;Gallo;47;Milano;Vienna;559;***;AK050;Martina;Romano;886;Bruxelles;Lisbona;2126;***;AK054;Emma;Rinaldi;659;Lisbona;Zurigo;1664
***;AK003;Giorgia;Rossi;21;Milano;Parigi;559
***;AK012;Greta;Esposito;126;Praga;Parigi;886;***;AK022;Giulia;Colombo;176;Londra;Barcellona;1118
***;AK034;Emma;Russo;987;Parigi;Madrid;1118
***;AK016;Riccardo;Mancini;479;Praga;Berlino;269
***;AK021;Mattia;Rinaldi;803;Londra;Madrid;1250
***;AK005;Matteo;Fontana;58;Milano;Barcellona;707
***;AK003;Lorenzo;Marino;167;Milano;Parigi;559;***;AK043;Francesco;Romano;733;Madrid;Lisbona;500;***;AK027;Gabriele;Gallo;780;Vienna;Parigi;1000
***;AK048;Lorenzo;Esposito;102;Barcellona;Zurigo;763;***;AK015;Greta;Esposito;261;Praga;Bruxelles;291
***;AK042;Tommaso;Romano;446;Madrid;Berlino;1952
***;AK029;Emma;Rossi;639;Vienna;Barcellona;1250
***;AK046;Francesco;Conti;174;Barcellona;Berlino;1457;***;AK011;Emma;Costa;596;Praga;Vienna;291;***;AK036;Greta;Romano;820;Parigi;Bruxelles;721
***;AK040;Alice;Esposito;374;Madrid;Barcellona;559;***;AK048;Gabriele;Rinaldi;205;Barcellona;Zurigo;763
***;AK029;Mattia;Russo;144;Vienna;Barcellona;1250;***;AK050;Ginevra;Conti;479;Bruxelles;Lisbona;2126;***;AK042;Giorgia;Rinaldi;560;Madrid;Berlino;1952
***;AK029;Beatrice;Moretti;848;Vienna;Barcellona;1250
***;AK031;Francesco;Colombo;528;Vienna;Berlino;559;***;AK019;Sofia;Fontana;455;Londra;Vienna;1520;***;AK028;Leonardo;Moretti;705;Vienna;Madrid;1802
***;AK036;Emma;Ferrari;268;Parigi;Bruxelles;721;***;AK002;Aurora;Moretti;937;Milano;Vienna;559;***;AK042;Mattia;Rossi;681;Madrid;Berlino;1952
***;AK034;Mattia;Moretti;933;Parigi;Madrid;1118;***;AK053;Giulia;Rossi;160;Berlino;Zurigo;694;***;AK046;Giorgia;Esposito;981;Barcellona;Berlino;1457
***;AK050;Aurora;Romano;46;Bruxelles;Lisbona;2126;***;AK014;Andrea;Moretti;253;Praga;Barcellona;1312;***;AK026;Gabriele;Rizzo;553;Londra;Zurigo;965
***;AK032;Lorenzo;Rossi;178;Vienna;Lisbona;2236;***;AK013;Riccardo;Rinaldi;606;Praga;Madrid;1839;***;AK040;Giulia;Ricci;949;Madrid;Barcellona;559
***;AK017;Alessandro;Ferrari;139;Praga;Lisbona;2232;***;AK032;Beatrice;Ricci;473;Vienna;Lisbona;2236;***;AK016;Giulia;Rinaldi;774;Praga;Berlino;269
***;AK001;Ginevra;Marino;74;Milano;Londra;1118
***;AK006;Francesco;Colombo;175;Milano;Bruxelles;657;***;AK052;Alessandro;Gallo;473;Berlino;Lisbona;2304;***;AK042;Alessandro;Bianchi;952;Madrid;Berlino;1952
***;AK001;Giorgia;Fontana;589;Milano;Londra;1118
***;AK044;Alessandro;Rossi;231;Madrid;Zurigo;1272;***;AK006;Riccardo;Bianchi;563;Milano;Bruxelles;657
***;AK018;Martina;Gallo;622;Praga;Zurigo;570;***;AK054;Leonardo;Fontana;359;Lisbona;Zurigo;1664;***;AK007;Mattia;Greco;82;Milano;Berlino;790
***;AK006;Ginevra;Rossi;572;Milano;Bruxelles;657;***;AK039;Emma;Romano;853;Parigi;Zurigo;412
***;AK042;Emma;Romano;891;Madrid;Berlino;1952
***;AK003;Matteo;Romano;543;Milano;Parigi;559
***;AK050;Alessandro;Russo;139;Bruxelles;Lisbona;2126;***;AK049;Andrea;Fontana;991;Bruxelles;Berlino;180;***;AK034;Riccardo;Rossi;163;Parigi;Madrid;1118
***;AK006;Lorenzo;Rossi;223;Milano;Bruxelles;657;***;AK035;Aurora;Rizzo;469;Parigi;Barcellona;750
***;AK042;Ginevra;Marino;517;Madrid;Berlino;1952
