ID_Valutazione;ID_FastFood;ID_Utente;Data;Valutazioni...
0;12;179;28/02/2010;Parcheggio;1.0
1;25;143;11/09/2010;Atmosfera;Parcheggio;4.5;0.5
2;13;86;12/02/2010;Cibo;Atmosfera;2.0;0.5
3;49;57;28/02/2010;Cibo;1.5
4;8;216;26/09/2010;Cibo;Costi;AccessoDisabili;5.0;4.0;2.5
5;44;90;20/01/2010;AccessoDisabili;Cibo;2.0;5.0
6;49;165;27/08/2010;Atmosfera;AccessoDisabili;0.0;3.5
7;14;5;07/08/2010;Cibo;3.0
8;41;177;27/10/2010;Costi;AccessoDisabili;2.5;5.0
9;45;297;07/11/2010;Atmosfera;1.0
10;47;150;30/09/2010;AccessoDisabili;1.5
11;45;79;29/11/2010;Costi;1.5
12;42;77;17/10/2010;Atmosfera;Parcheggio;Costi;1.0;4.0;0.5
13;7;10;03/03/2010;Atmosfera;Cibo;Costi;2.0;2.0;5.0
14;18;259;01/07/2010;Costi;Parcheggio;5.0;3.0
15;25;115;29/04/2010;Costi;0.5
16;36;22;11/04/2010;Costi;Atmosfera;Parcheggio;1.5;0.0;2.5
17;32;225;19/10/2010;Costi;AccessoDisabili;3.5;4.5
18;47;17;07/02/2010;Costi;Parcheggio;Atmosfera;3.5;3.5;3.0
19;37;19;30/11/2010;Parcheggio;AccessoDisabili;3.0;0.5
20;2;161;30/11/2010;Costi;2.0
21;18;297;23/10/2010;Parcheggio;AccessoDisabili;0.5;3.5
22;16;252;17/07/2010;AccessoDisabili;Parcheggio;Costi;1.5;2.5;2.5
23;29;78;10/11/2010;Cibo;Costi;Parcheggio;5.0;2.5;3.0
24;16;33;12/01/2010;Atmosfera;AccessoDisabili;Parcheggio;3.5;3.0;0.5
25;20;246;26/06/2010;Cibo;Atmosfera;Parcheggio;2.5;1.0;0.5
26;49;132;30/04/2010;Atmosfera;2.5
27;4;16;25/10/2010;Atmosfera;2.5
28;4;162;07/09/2010;Atmosfera;Costi;Cibo;2.0;4.0;5.0
29;0;72;23/04/2010;Atmosfera;1.0
30;14;45;13/04/2010;Atmosfera;Parcheggio;5.0;2.5
31;45;205;10/12/2010;Costi;AccessoDisabili;Parcheggio;2.5;2.0;1.5
32;22;241;29/11/2010;AccessoDisabili;Costi;0.5;1.5
33;38;265;07/11/2010;AccessoDisabili;3.0
34;9;205;02/11/2010;Parcheggio;Costi;0.0;2.0
35;20;55;23/06/2010;Atmosfera;AccessoDisabili;Costi;4.0;4.0;3.5
36;9;194;04/10/2010;Parcheggio;AccessoDisabili;3.0;1.0
37;10;80;05/12/2010;Cibo;Atmosfera;Costi;4.5;2.0;3.0
38;42;138;24/10/2010;Parcheggio;Costi;0.5;4.5
39;11;65;18/02/2010;Atmosfera;Costi;AccessoDisabili;1.0;5.0;2.5
40;2;195;29/07/2010;Costi;Cibo;Atmosfera;2.5;5.0;2.0
41;46;87;29/09/2010;AccessoDisabili;Costi;Atmosfera;3.0;1.5;2.5
42;19;251;21/07/2010;Atmosfera;3.5
43;7;165;09/12/2010;AccessoDisabili;Parcheggio;Costi;0.0;0.5;0.0
44;49;189;05/03/2010;Costi;0.5
45;4;121;30/09/2010;Cibo;Costi;3.0;4.5
46;23;65;01/10/2010;Parcheggio;1.0
47;39;218;13/07/2010;Cibo;Atmosfera;Parcheggio;1.5;2.0;1.5
48;49;111;27/05/2010;Cibo;Atmosfera;Parcheggio;2.0;4.5;2.0
49;11;152;25/11/2010;AccessoDisabili;Costi;Atmosfera;4.5;4.5;0.5
50;46;204;30/06/2010;Cibo;Parcheggio;Costi;0.0;1.0;4.5
51;44;185;13/12/2010;Parcheggio;0.0
52;49;15;15/07/2010;Parcheggio;Atmosfera;Cibo;3.5;0.0;0.0
53;17;31;25/02/2010;Parcheggio;2.5
54;36;138;02/12/2010;Parcheggio;2.0
55;47;273;03/12/2010;AccessoDisabili;Costi;0.0;5.0
56;40;135;07/05/2010;AccessoDisabili;Parcheggio;Atmosfera;3.0;3.0;2.0
57;0;69;18/08/2010;AccessoDisabili;Atmosfera;3.5;2.5
58;17;60;14/10/2010;Cibo;Atmosfera;1.0;1.5
59;41;3;08/06/2010;Atmosfera;Costi;Cibo;1.0;1.5;3.5
60;28;261;03/10/2010;Cibo;Parcheggio;3.5;5.0
61;28;198;26/08/2010;AccessoDisabili;Parcheggio;2.5;0.0
62;4;111;14/11/2010;AccessoDisabili;1.0
63;1;199;10/01/2010;AccessoDisabili;Atmosfera;Cibo;0.0;4.0;2.5
64;48;66;20/10/2010;AccessoDisabili;Parcheggio;Atmosfera;4.5;2.0;5.0
65;38;53;25/09/2010;Parcheggio;AccessoDisabili;Atmosfera;0.5;2.0;4.0
66;33;128;23/04/2010;Costi;2.0
67;3;277;19/04/2010;Parcheggio;Atmosfera;Costi;0.5;0.5;1.5
68;38;101;24/02/2010;Parcheggio;Costi;Cibo;5.0;3.5;3.5
69;37;115;14/03/2010;Cibo;Parcheggio;3.5;1.0
70;15;253;11/06/2010;Cibo;Parcheggio;Atmosfera;3.5;2.0;3.0
71;49;110;01/06/2010;AccessoDisabili;Costi;3.5;4.0
72;25;172;22/11/2010;Costi;Cibo;3.0;0.0
73;48;198;06/05/2010;AccessoDisabili;Parcheggio;1.0;5.0
74;21;88;25/06/2010;Costi;Atmosfera;Parcheggio;2.0;1.5;2.5
75;22;223;14/03/2010;AccessoDisabili;Costi;Cibo;4.0;2.0;4.0
76;40;54;16/12/2010;Atmosfera;Costi;AccessoDisabili;5.0;4.0;1.0
77;28;143;23/07/2010;Costi;AccessoDisabili;Atmosfera;4.5;4.5;3.5
78;35;179;12/07/2010;Atmosfera;2.5
79;36;219;23/12/2010;AccessoDisabili;Parcheggio;Costi;0.0;1.5;5.0
80;21;35;17/09/2010;Cibo;2.5
81;7;216;22/04/2010;Costi;AccessoDisabili;Parcheggio;2.0;4.5;5.0
82;4;34;29/05/2010;Cibo;AccessoDisabili;Atmosfera;2.5;2.5;1.5
83;7;47;09/01/2010;Costi;3.5
84;5;150;23/05/2010;Atmosfera;4.5
85;33;21;13/08/2010;Cibo;Parcheggio;Costi;4.0;2.5;3.0
86;46;39;16/09/2010;AccessoDisabili;Atmosfera;Costi;1.5;4.5;1.5
87;32;255;22/10/2010;Cibo;Costi;0.0;3.0
88;41;150;07/11/2010;Costi;Atmosfera;4.5;3.0
89;31;179;01/06/2010;Cibo;1.5
90;3;54;17/03/2010;Cibo;3.5
91;10;24;11/09/2010;Atmosfera;Parcheggio;Cibo;0.5;1.0;0.5
92;25;113;17/04/2010;Costi;Parcheggio;2.5;2.0
93;27;249;03/04/2010;Costi;2.5
94;28;258;21/02/2010;Cibo;AccessoDisabili;Atmosfera;1.5;3.0;5.0
95;0;220;15/09/2010;Costi;1.5
96;37;122;01/03/2010;Cibo;4.0
97;26;10;24/11/2010;Costi;Atmosfera;4.0;3.5
98;17;26;04/10/2010;Parcheggio;4.0
99;10;107;06/05/2010;Atmosfera;AccessoDisabili;Costi;1.0;5.0;5.0
100;10;209;28/03/2010;AccessoDisabili;Parcheggio;0.0;2.0
101;44;11;09/07/2010;Costi;2.0
102;39;233;13/09/2010;Costi;Cibo;4.0;1.5
103;48;186;11/12/2010;AccessoDisabili;4.5
104;19;187;27/10/2010;Atmosfera;3.5
105;29;46;29/09/2010;Costi;Cibo;0.5;3.5
106;28;219;25/06/2010;Costi;Atmosfera;5.0;0.5
107;26;152;10/05/2010;Cibo;Atmosfera;Costi;0.5;3.5;4.0
108;37;245;14/10/2010;Cibo;3.0
109;9;139;27/01/2010;Parcheggio;Cibo;Atmosfera;1.0;4.0;2.5
110;21;237;08/12/2010;Costi;Cibo;AccessoDisabili;2.0;3.5;5.0
111;22;277;02/10/2010;Costi;Cibo;Parcheggio;2.5;0.5;1.0
112;7;255;10/11/2010;Costi;Cibo;Parcheggio;3.5;3.5;5.0
113;0;83;08/04/2010;Cibo;AccessoDisabili;4.5;1.0
114;3;265;16/08/2010;Parcheggio;3.5
115;23;231;11/08/2010;Parcheggio;3.5
116;36;2;05/09/2010;Cibo;Parcheggio;Atmosfera;5.0;0.0;3.0
117;17;239;30/05/2010;Cibo;Costi;2.0;5.0
118;25;179;02/07/2010;Costi;2.5
119;34;179;02/07/2010;AccessoDisabili;Costi;2.5;2.0
120;31;276;12/05/2010;AccessoDisabili;Cibo;3.0;5.0
121;1;299;20/10/2010;Costi;Cibo;5.0;0.5
122;30;67;14/07/2010;Cibo;Atmosfera;Parcheggio;3.0;3.0;4.5
123;19;206;04/10/2010;Cibo;Costi;Atmosfera;2.5;1.5;0.5
124;32;140;21/11/2010;Cibo;0.0
125;24;68;27/05/2010;Costi;Parcheggio;2.0;3.5
126;31;254;27/01/2010;Cibo;Atmosfera;1.0;1.5
127;27;96;27/03/2010;Parcheggio;AccessoDisabili;1.5;2.5
128;11;87;27/08/2010;Parcheggio;Cibo;Costi;2.5;4.5;3.0
129;25;63;13/09/2010;Cibo;Costi;3.5;4.0
130;2;201;05/11/2010;Costi;Atmosfera;3.5;3.5
131;3;152;15/03/2010;Cibo;Costi;4.5;2.5
132;31;45;29/01/2010;Parcheggio;Atmosfera;5.0;3.5
133;44;114;02/12/2010;Parcheggio;Costi;Cibo;0.0;4.0;2.5
134;20;3;23/05/2010;Atmosfera;AccessoDisabili;Cibo;5.0;3.0;3.0
135;8;81;01/02/2010;Cibo;AccessoDisabili;Atmosfera;1.0;4.5;3.5
136;27;96;15/10/2010;Cibo;AccessoDisabili;2.0;4.5
137;7;177;05/06/2010;Cibo;Costi;AccessoDisabili;3.0;0.0;3.5
138;7;198;20/04/2010;Costi;Parcheggio;AccessoDisabili;4.5;0.0;4.5
139;42;24;16/10/2010;Atmosfera;Parcheggio;Cibo;2.5;0.0;2.0
140;22;123;11/12/2010;Costi;AccessoDisabili;1.0;0.5
141;23;129;18/07/2010;Costi;AccessoDisabili;Cibo;3.5;1.0;4.0
142;16;133;28/07/2010;AccessoDisabili;Atmosfera;Costi;4.5;1.5;1.0
143;46;206;27/03/2010;AccessoDisabili;3.5
144;35;182;21/07/2010;Parcheggio;3.0
145;36;54;05/07/2010;Atmosfera;Costi;1.0;5.0
146;21;13;12/11/2010;Parcheggio;Costi;0.0;5.0
147;26;132;16/02/2010;AccessoDisabili;Costi;Parcheggio;2.5;0.0;1.0
148;40;157;24/07/2010;Cibo;Atmosfera;Parcheggio;4.5;5.0;1.0
149;38;19;05/06/2010;Atmosfera;Parcheggio;Cibo;1.0;1.0;1.5
150;5;128;14/12/2010;Costi;Atmosfera;Parcheggio;1.5;1.0;1.5
151;36;64;25/03/2010;AccessoDisabili;Costi;4.5;3.0
152;16;77;06/08/2010;Costi;Cibo;3.5;5.0
153;19;205;14/02/2010;Atmosfera;2.0
154;36;14;29/01/2010;AccessoDisabili;Parcheggio;2.5;1.5
155;29;164;09/08/2010;Atmosfera;1.0
156;49;111;19/10/2010;Cibo;Atmosfera;2.5;0.0
157;24;233;19/08/2010;Costi;5.0
158;44;268;06/07/2010;AccessoDisabili;2.5
159;38;8;05/02/2010;AccessoDisabili;Atmosfera;Cibo;5.0;0.5;0.5
160;27;288;01/02/2010;AccessoDisabili;Atmosfera;1.0;0.0
161;48;161;16/02/2010;AccessoDisabili;Atmosfera;Costi;0.0;0.0;2.5
162;42;11;10/02/2010;AccessoDisabili;Cibo;Atmosfera;4.0;0.5;0.0
163;48;154;11/06/2010;Cibo;2.0
164;47;138;18/06/2010;Atmosfera;Parcheggio;1.5;2.0
165;25;121;04/05/2010;Parcheggio;3.5
166;1;59;28/02/2010;Costi;Cibo;Parcheggio;3.5;2.5;2.0
167;46;291;09/06/2010;Costi;AccessoDisabili;4.5;1.5
168;10;74;04/04/2010;Cibo;4.0
169;0;130;16/05/2010;AccessoDisabili;Parcheggio;2.5;3.0
170;35;263;22/01/2010;Cibo;AccessoDisabili;1.5;3.5
171;11;130;03/10/2010;Costi;3.5
172;47;124;24/04/2010;Atmosfera;1.0
173;36;266;28/03/2010;Cibo;Atmosfera;AccessoDisabili;3.5;0.0;0.5
174;26;202;05/07/2010;Atmosfera;3.0
175;1;40;26/06/2010;Atmosfera;AccessoDisabili;Parcheggio;1.0;1.5;0.0
176;4;39;03/08/2010;Cibo;Costi;3.0;5.0
177;26;224;14/02/2010;Parcheggio;Atmosfera;AccessoDisabili;2.0;2.5;2.5
178;42;73;18/02/2010;Costi;2.0
179;8;104;02/12/2010;Cibo;AccessoDisabili;Parcheggio;0.5;2.5;2.0
180;49;86;18/07/2010;Atmosfera;4.0
181;43;146;29/06/2010;Parcheggio;Cibo;0.0;0.5
182;25;37;29/03/2010;Cibo;4.0
183;23;203;21/12/2010;Cibo;Costi;AccessoDisabili;1.5;2.5;4.5
184;16;162;27/07/2010;Parcheggio;Costi;Atmosfera;1.0;2.5;3.5
185;27;163;11/08/2010;Parcheggio;2.0
186;1;61;15/01/2010;Costi;3.0
187;25;137;21/08/2010;Atmosfera;Cibo;4.5;2.0
188;38;173;15/05/2010;AccessoDisabili;0.0
189;45;153;25/07/2010;Costi;2.0
190;28;18;20/12/2010;Parcheggio;Atmosfera;3.0;1.5
191;29;58;28/07/2010;Costi;Cibo;Parcheggio;4.0;1.0;4.0
192;30;178;10/02/2010;Parcheggio;AccessoDisabili;0.5;1.0
193;16;64;20/09/2010;Cibo;AccessoDisabili;0.5;4.0
194;29;283;28/06/2010;Parcheggio;Costi;2.5;4.0
195;41;98;12/03/2010;Costi;Atmosfera;Parcheggio;3.0;0.0;1.5
196;32;72;15/10/2010;Parcheggio;Atmosfera;1.5;0.5
197;27;93;04/08/2010;Cibo;AccessoDisabili;Parcheggio;2.0;4.0;0.5
198;11;62;14/11/2010;Cibo;2.5
199;4;88;03/04/2010;Parcheggio;AccessoDisabili;Atmosfera;2.5;1.0;4.5
200;25;209;13/11/2010;Costi;2.0
201;47;18;21/10/2010;Cibo;Parcheggio;1.5;4.0
202;26;84;01/05/2010;AccessoDisabili;Cibo;Parcheggio;3.5;1.0;3.5
203;19;77;24/07/2010;Parcheggio;Costi;3.5;0.0
204;13;20;16/02/2010;Parcheggio;1.0
205;44;45;04/06/2010;Costi;2.0
206;16;188;10/05/2010;Cibo;AccessoDisabili;Costi;1.0;4.0;3.0
207;48;202;21/02/2010;Atmosfera;AccessoDisabili;Costi;0.5;3.0;0.5
208;46;216;11/04/2010;Parcheggio;AccessoDisabili;2.5;5.0
209;16;188;22/03/2010;Parcheggio;1.0
210;0;94;11/11/2010;AccessoDisabili;Costi;Parcheggio;0.0;4.0;2.5
211;13;167;16/02/2010;AccessoDisabili;2.5
212;49;84;07/10/2010;Cibo;Parcheggio;AccessoDisabili;5.0;3.0;0.5
213;34;238;05/09/2010;Costi;AccessoDisabili;Parcheggio;0.0;2.5;4.5
214;21;257;01/07/2010;Parcheggio;AccessoDisabili;5.0;3.5
215;21;102;20/01/2010;Parcheggio;1.0
216;3;194;13/04/2010;Costi;Atmosfera;AccessoDisabili;1.0;4.5;3.5
217;41;235;28/06/2010;Cibo;Atmosfera;4.5;0.0
218;30;69;21/07/2010;Atmosfera;Costi;2.5;2.5
219;33;292;12/07/2010;Atmosfera;1.0
220;18;209;17/11/2010;Atmosfera;4.5
221;36;197;23/06/2010;Cibo;AccessoDisabili;0.0;3.5
222;20;37;13/10/2010;Cibo;Costi;4.0;3.5
223;29;270;04/01/2010;Atmosfera;Cibo;4.0;2.5
224;35;81;07/04/2010;Parcheggio;Atmosfera;Cibo;1.0;0.5;5.0
225;31;224;11/02/2010;Costi;1.0
226;7;209;03/09/2010;AccessoDisabili;Atmosfera;Parcheggio;1.0;2.5;3.0
227;13;92;19/05/2010;Parcheggio;AccessoDisabili;0.0;4.0
228;28;164;12/10/2010;Parcheggio;5.0
229;3;6;23/01/2010;Atmosfera;0.0
230;11;186;21/01/2010;AccessoDisabili;4.0
231;11;60;16/08/2010;Costi;Atmosfera;4.0;0.0
232;41;234;11/10/2010;Cibo;Atmosfera;Costi;4.5;3.5;4.5
233;14;160;06/06/2010;Cibo;Atmosfera;Costi;5.0;3.5;0.0
234;20;261;20/06/2010;Parcheggio;Costi;4.0;5.0
235;40;205;28/06/2010;Atmosfera;Parcheggio;3.5;1.5
236;16;259;21/07/2010;AccessoDisabili;Costi;Parcheggio;1.0;1.0;4.5
237;12;174;10/02/2010;AccessoDisabili;4.5
238;1;262;20/08/2010;Atmosfera;Costi;3.5;0.0
239;22;296;22/11/2010;Cibo;Costi;0.5;2.5
240;21;64;19/08/2010;Cibo;Costi;Parcheggio;2.0;2.5;3.5
241;29;35;05/03/2010;AccessoDisabili;Parcheggio;Costi;0.5;4.0;4.0
242;9;157;29/06/2010;Atmosfera;0.5
243;0;140;23/01/2010;Cibo;Atmosfera;1.0;5.0
244;10;196;09/12/2010;Parcheggio;Costi;3.0;4.0
245;28;74;10/08/2010;Cibo;0.5
246;29;37;18/07/2010;Cibo;Costi;1.5;4.0
247;26;25;12/04/2010;Cibo;Costi;1.0;1.5
248;39;88;20/04/2010;Costi;2.5
249;24;196;04/01/2010;Parcheggio;4.0
250;17;179;06/10/2010;Parcheggio;Costi;0.0;4.5
251;42;77;13/03/2010;Atmosfera;AccessoDisabili;3.5;4.0
252;9;231;17/07/2010;Cibo;1.5
253;22;101;29/03/2010;Parcheggio;AccessoDisabili;Atmosfera;5.0;5.0;3.5
254;31;148;11/05/2010;Atmosfera;0.5
255;9;77;16/12/2010;Costi;1.0
256;46;92;13/06/2010;AccessoDisabili;Atmosfera;0.5;5.0
257;39;258;02/11/2010;Costi;Parcheggio;AccessoDisabili;5.0;4.5;5.0
258;32;12;08/09/2010;Atmosfera;3.5
259;36;228;02/09/2010;AccessoDisabili;Costi;4.5;3.5
260;48;201;14/08/2010;AccessoDisabili;4.0
261;15;247;08/11/2010;Atmosfera;Costi;1.0;3.0
262;38;213;06/12/2010;Costi;Cibo;Parcheggio;5.0;1.5;2.5
263;38;30;03/04/2010;Cibo;3.5
264;9;30;31/03/2010;Costi;0.5
265;18;12;25/02/2010;Cibo;0.5
266;43;104;30/09/2010;AccessoDisabili;Atmosfera;4.0;0.0
267;39;201;22/10/2010;Parcheggio;Cibo;0.5;1.5
268;10;69;13/09/2010;Parcheggio;2.5
269;6;252;12/08/2010;AccessoDisabili;Parcheggio;Costi;4.0;4.5;4.5
270;49;177;15/06/2010;Costi;0.5
271;29;288;16/09/2010;AccessoDisabili;Cibo;Atmosfera;2.0;3.5;3.0
272;13;271;24/06/2010;Parcheggio;AccessoDisabili;3.0;0.0
273;33;18;21/05/2010;Parcheggio;Atmosfera;0.5;3.5
274;22;97;05/05/2010;Atmosfera;0.5
275;8;156;03/09/2010;Parcheggio;3.0
276;25;166;19/06/2010;Costi;AccessoDisabili;0.5;2.0
277;49;272;23/01/2010;AccessoDisabili;Cibo;1.5;1.0
278;17;206;09/01/2010;AccessoDisabili;Cibo;5.0;4.0
279;19;132;15/10/2010;Atmosfera;Cibo;3.5;0.5
280;34;271;20/10/2010;Cibo;Costi;Parcheggio;1.0;4.5;5.0
281;21;126;13/10/2010;AccessoDisabili;0.0
282;45;141;28/11/2010;AccessoDisabili;Atmosfera;Costi;5.0;2.0;3.0
283;36;281;03/09/2010;Parcheggio;2.5
284;5;1;19/11/2010;Atmosfera;Cibo;0.0;5.0
285;26;198;22/01/2010;Atmosfera;AccessoDisabili;Costi;1.5;2.5;4.5
286;12;19;08/01/2010;AccessoDisabili;Atmosfera;2.0;2.5
287;4;159;19/10/2010;Atmosfera;Parcheggio;2.5;1.5
288;44;211;13/07/2010;AccessoDisabili;Atmosfera;Parcheggio;2.0;1.0;4.0
289;34;189;18/05/2010;Parcheggio;Cibo;3.5;2.0
290;35;62;09/07/2010;Cibo;AccessoDisabili;4.0;1.5
291;32;66;25/11/2010;Parcheggio;AccessoDisabili;Cibo;0.5;1.0;3.5
292;28;149;21/07/2010;Parcheggio;2.5
293;20;164;25/03/2010;Parcheggio;Atmosfera;2.0;3.5
294;22;49;04/07/2010;AccessoDisabili;4.0
295;33;36;15/03/2010;Cibo;Parcheggio;Atmosfera;0.5;1.0;2.5
296;38;229;31/07/2010;Atmosfera;AccessoDisabili;Costi;3.5;2.0;1.0
297;49;262;26/04/2010;Parcheggio;Costi;1.0;5.0
298;14;63;16/10/2010;Cibo;Costi;AccessoDisabili;1.5;2.5;2.5
299;45;118;02/01/2010;Parcheggio;Cibo;4.0;3.0
300;39;43;14/09/2010;Costi;AccessoDisabili;Atmosfera;3.5;0.0;2.0
301;24;50;25/05/2010;AccessoDisabili;2.5
302;12;231;03/05/2010;Atmosfera;Parcheggio;3.0;2.5
303;0;112;07/05/2010;Cibo;3.5
304;1;256;22/06/2010;Costi;AccessoDisabili;4.0;2.0
305;27;240;03/12/2010;Costi;2.0
306;46;237;29/05/2010;Cibo;Costi;4.5;4.0
307;5;238;31/08/2010;Atmosfera;5.0
308;6;67;15/03/2010;Atmosfera;Parcheggio;Costi;0.0;3.5;0.0
309;19;288;11/01/2010;Parcheggio;0.5
310;15;148;01/11/2010;Parcheggio;Costi;Atmosfera;2.5;2.5;1.5
311;48;205;21/11/2010;Parcheggio;5.0
312;5;288;21/02/2010;AccessoDisabili;1.5
313;15;89;22/09/2010;Costi;AccessoDisabili;Atmosfera;0.0;2.5;1.5
314;1;71;05/01/2010;Cibo;AccessoDisabili;0.0;5.0
315;26;111;04/08/2010;Parcheggio;Atmosfera;1.0;4.5
316;12;123;25/01/2010;Costi;Atmosfera;2.0;5.0
317;40;126;30/07/2010;Parcheggio;Costi;3.5;2.0
318;17;154;28/10/2010;Parcheggio;4.5
319;40;128;03/12/2010;Parcheggio;4.5
320;36;257;01/06/2010;Costi;AccessoDisabili;1.5;3.5
321;21;271;17/02/2010;Costi;1.5
322;40;131;22/05/2010;Atmosfera;4.0
323;11;78;12/12/2010;AccessoDisabili;Cibo;4.5;4.0
324;6;116;03/04/2010;Costi;0.0
325;13;18;05/06/2010;Cibo;Costi;1.0;3.5
326;20;295;18/10/2010;Parcheggio;Costi;Cibo;1.5;5.0;4.0
327;35;15;21/06/2010;Atmosfera;Parcheggio;Costi;5.0;5.0;3.5
328;48;199;17/03/2010;Cibo;AccessoDisabili;Parcheggio;5.0;0.5;2.0
329;24;89;02/07/2010;AccessoDisabili;Cibo;Parcheggio;1.5;0.0;3.0
330;10;187;21/10/2010;Costi;5.0
331;49;244;07/07/2010;Parcheggio;Costi;Cibo;1.5;5.0;4.0
332;30;166;05/09/2010;Atmosfera;1.5
333;4;209;17/12/2010;Cibo;Atmosfera;5.0;3.0
334;41;18;24/11/2010;Atmosfera;2.0
335;37;254;09/12/2010;AccessoDisabili;Parcheggio;2.0;3.5
336;16;0;30/10/2010;Cibo;Atmosfera;0.5;3.0
337;16;52;16/05/2010;Parcheggio;Atmosfera;1.5;1.5
338;44;51;05/04/2010;Costi;Atmosfera;AccessoDisabili;3.0;4.5;1.0
339;20;234;17/08/2010;Cibo;Atmosfera;2.5;2.5
340;19;215;04/02/2010;Cibo;3.5
341;8;230;12/12/2010;Atmosfera;Costi;4.0;3.5
342;0;220;12/11/2010;Atmosfera;Parcheggio;1.5;4.5
343;48;221;06/06/2010;Atmosfera;Costi;Cibo;5.0;5.0;5.0
344;31;186;21/09/2010;AccessoDisabili;2.5
345;24;295;15/03/2010;AccessoDisabili;Parcheggio;Atmosfera;0.5;3.5;0.0
346;28;185;12/08/2010;AccessoDisabili;Atmosfera;2.5;0.0
347;0;117;08/07/2010;Cibo;2.0
348;16;230;19/04/2010;Atmosfera;Costi;AccessoDisabili;0.5;4.5;0.5
349;4;224;11/05/2010;Costi;Cibo;3.0;2.5
350;14;174;29/01/2010;AccessoDisabili;1.0
351;27;220;25/05/2010;Atmosfera;AccessoDisabili;Cibo;1.5;0.5;3.5
352;35;167;30/05/2010;Cibo;Costi;1.0;2.5
353;22;166;19/02/2010;Parcheggio;3.5
354;46;103;18/03/2010;Atmosfera;Cibo;Costi;0.0;4.5;1.5
355;48;32;06/09/2010;Costi;Parcheggio;5.0;3.5
356;1;242;09/05/2010;AccessoDisabili;Parcheggio;4.0;3.0
357;49;96;06/01/2010;Atmosfera;Costi;Parcheggio;4.0;3.0;4.5
358;47;236;04/07/2010;Atmosfera;AccessoDisabili;Parcheggio;1.5;2.0;3.5
359;10;119;13/09/2010;Parcheggio;Atmosfera;AccessoDisabili;0.5;2.5;1.0
360;16;118;06/01/2010;AccessoDisabili;Costi;0.0;0.0
361;10;201;07/08/2010;AccessoDisabili;Costi;3.0;2.5
362;12;114;04/12/2010;Atmosfera;Parcheggio;Costi;5.0;2.5;4.0
363;15;281;11/12/2010;Parcheggio;Atmosfera;5.0;3.0
364;8;71;21/08/2010;Costi;AccessoDisabili;3.0;2.0
365;19;68;12/06/2010;Costi;Parcheggio;AccessoDisabili;0.0;4.5;1.0
366;28;276;13/12/2010;Atmosfera;2.0
367;37;96;30/01/2010;Costi;1.0
368;37;131;27/08/2010;Atmosfera;Costi;AccessoDisabili;4.5;1.5;0.0
369;37;130;12/07/2010;Atmosfera;Cibo;Parcheggio;3.0;1.5;1.0
370;4;10;12/10/2010;AccessoDisabili;Cibo;Costi;3.5;4.5;2.5
371;33;54;23/12/2010;Parcheggio;Atmosfera;2.5;5.0
372;13;12;25/10/2010;Cibo;Atmosfera;AccessoDisabili;3.0;2.5;1.0
373;17;39;07/07/2010;Parcheggio;AccessoDisabili;Costi;1.5;2.0;0.5
374;36;16;28/06/2010;Cibo;0.0
375;8;20;01/06/2010;Parcheggio;Atmosfera;3.5;2.0
376;32;184;21/06/2010;Cibo;Costi;5.0;4.0
377;32;101;04/07/2010;Atmosfera;2.0
378;8;227;12/12/2010;AccessoDisabili;3.0
379;29;7;13/11/2010;AccessoDisabili;Costi;1.0;4.0
380;19;232;24/10/2010;Cibo;1.0
381;38;230;08/09/2010;Costi;3.0
382;12;225;21/12/2010;Cibo;0.0
383;11;61;11/04/2010;AccessoDisabili;1.0
384;46;46;04/01/2010;Atmosfera;Parcheggio;Cibo;2.0;1.0;4.5
385;12;155;11/08/2010;AccessoDisabili;Cibo;Atmosfera;3.5;0.5;4.0
386;20;242;31/10/2010;Cibo;4.5
387;30;191;03/03/2010;AccessoDisabili;Cibo;3.5;3.5
388;8;44;03/09/2010;Atmosfera;AccessoDisabili;2.5;1.5
389;45;104;10/03/2010;Parcheggio;Cibo;AccessoDisabili;4.5;3.0;3.0
390;37;190;19/06/2010;Cibo;3.5
391;12;212;11/08/2010;Cibo;Parcheggio;5.0;2.5
392;47;146;11/03/2010;AccessoDisabili;Parcheggio;3.5;1.0
393;15;100;09/04/2010;Atmosfera;4.5
394;15;181;08/12/2010;Cibo;1.5
395;8;156;13/08/2010;Costi;Atmosfera;Cibo;1.5;2.0;4.0
396;17;1;22/11/2010;Atmosfera;AccessoDisabili;1.5;0.5
397;16;169;06/02/2010;Atmosfera;Parcheggio;Costi;1.5;2.0;4.0
398;3;297;22/05/2010;AccessoDisabili;0.5
399;44;187;22/10/2010;Atmosfera;2.5
400;24;291;10/06/2010;AccessoDisabili;2.5
401;32;66;25/06/2010;Atmosfera;1.0
402;8;143;13/04/2010;Parcheggio;AccessoDisabili;Cibo;0.5;2.0;1.5
403;24;271;16/06/2010;Atmosfera;1.0
404;36;272;05/04/2010;Parcheggio;Cibo;3.5;3.0
405;13;246;02/07/2010;Atmosfera;Costi;Parcheggio;4.5;5.0;3.5
406;40;257;24/07/2010;Cibo;Atmosfera;Costi;4.5;2.0;3.5
407;33;183;01/12/2010;Cibo;Atmosfera;AccessoDisabili;4.5;4.0;4.5
408;35;255;07/01/2010;Cibo;AccessoDisabili;3.5;1.0
409;42;196;06/09/2010;AccessoDisabili;Parcheggio;1.0;0.5
410;2;228;17/06/2010;Cibo;1.0
411;42;77;09/05/2010;Atmosfera;Costi;Cibo;0.5;4.0;4.0
412;44;7;04/05/2010;Atmosfera;1.0
413;31;272;28/04/2010;Costi;2.0
414;34;93;11/01/2010;Atmosfera;Cibo;Parcheggio;0.0;5.0;3.5
415;36;187;04/11/2010;AccessoDisabili;Atmosfera;Cibo;1.5;2.0;5.0
416;47;294;17/10/2010;Cibo;4.0
417;20;113;12/12/2010;Parcheggio;Atmosfera;2.5;5.0
418;49;101;26/01/2010;Costi;1.0
419;15;77;14/01/2010;Atmosfera;AccessoDisabili;Costi;3.5;2.0;2.5
420;9;193;05/08/2010;AccessoDisabili;Parcheggio;Cibo;4.5;5.0;4.5
421;27;250;24/06/2010;Parcheggio;AccessoDisabili;4.0;0.5
422;4;55;09/06/2010;Cibo;Costi;2.0;2.5
423;13;50;27/02/2010;Costi;4.5
424;44;259;15/08/2010;Parcheggio;0.5
425;0;119;05/11/2010;Costi;Atmosfera;Parcheggio;1.0;5.0;3.0
426;29;203;01/11/2010;Atmosfera;2.0
427;44;68;17/09/2010;Atmosfera;AccessoDisabili;Costi;2.5;0.5;3.5
428;21;129;16/05/2010;Parcheggio;1.0
429;27;92;03/05/2010;Atmosfera;Parcheggio;4.5;3.0
430;32;62;28/04/2010;AccessoDisabili;0.5
431;36;73;09/11/2010;AccessoDisabili;0.5
432;41;191;19/04/2010;Atmosfera;4.0
433;14;238;10/03/2010;Costi;2.0
434;48;236;10/10/2010;AccessoDisabili;3.0
435;31;206;11/07/2010;Parcheggio;2.0
436;5;243;19/10/2010;Costi;Parcheggio;AccessoDisabili;2.5;1.5;4.5
437;24;166;17/01/2010;Atmosfera;Costi;4.0;2.5
438;4;260;18/11/2010;Costi;AccessoDisabili;Atmosfera;4.5;2.0;5.0
439;48;53;17/01/2010;AccessoDisabili;Cibo;2.0;3.0
440;34;142;16/07/2010;AccessoDisabili;4.5
441;40;294;26/07/2010;Costi;Atmosfera;Cibo;4.0;2.0;0.5
442;24;277;26/05/2010;Costi;2.0
443;14;282;19/06/2010;AccessoDisabili;Cibo;2.5;3.0
444;42;19;05/03/2010;Parcheggio;AccessoDisabili;2.5;1.5
445;4;53;09/04/2010;Atmosfera;Costi;Parcheggio;2.5;1.0;4.0
446;11;160;03/03/2010;Cibo;Atmosfera;AccessoDisabili;5.0;3.5;4.0
447;16;251;27/08/2010;Atmosfera;AccessoDisabili;2.5;1.0
448;20;7;01/11/2010;Parcheggio;Costi;4.5;2.5
449;11;229;09/04/2010;Parcheggio;Costi;4.5;1.5
450;49;79;12/04/2010;Parcheggio;Costi;AccessoDisabili;5.0;4.5;2.5
451;19;198;24/12/2010;Costi;Cibo;4.5;1.0
452;39;236;01/03/2010;Costi;Atmosfera;Parcheggio;2.0;2.0;3.5
453;31;150;09/12/2010;Cibo;0.0
454;13;22;01/03/2010;Parcheggio;AccessoDisabili;Costi;0.0;5.0;0.0
455;3;150;30/09/2010;Costi;0.5
456;9;133;20/05/2010;AccessoDisabili;4.0
457;0;290;03/09/2010;Parcheggio;Cibo;3.0;1.5
458;10;109;25/03/2010;Cibo;1.0
459;12;73;26/01/2010;Costi;AccessoDisabili;Cibo;1.5;2.0;2.5
460;22;261;02/10/2010;Atmosfera;5.0
461;2;226;15/01/2010;Costi;Atmosfera;Cibo;2.5;1.0;1.5
462;3;84;21/02/2010;Parcheggio;4.5
463;11;65;04/10/2010;AccessoDisabili;2.0
464;40;68;06/01/2010;Atmosfera;2.5
465;43;218;06/10/2010;Parcheggio;Cibo;AccessoDisabili;2.0;1.5;0.0
466;23;158;07/08/2010;Atmosfera;Parcheggio;Cibo;2.0;4.0;2.5
467;42;186;07/11/2010;Cibo;4.5
468;21;243;01/09/2010;Costi;4.0
469;35;189;26/06/2010;Cibo;AccessoDisabili;Parcheggio;3.5;2.5;4.5
470;19;111;27/02/2010;Costi;5.0
471;5;29;24/01/2010;AccessoDisabili;Costi;3.5;3.0
472;30;120;24/06/2010;Cibo;0.0
473;19;13;23/09/2010;Costi;2.5
474;31;191;02/10/2010;AccessoDisabili;Cibo;Costi;4.0;3.0;3.5
475;40;138;07/01/2010;Costi;4.0
476;13;185;01/05/2010;AccessoDisabili;2.5
477;39;7;25/03/2010;Parcheggio;3.0
478;45;201;19/03/2010;Atmosfera;AccessoDisabili;4.5;3.0
479;27;86;12/04/2010;Parcheggio;1.0
480;0;259;21/07/2010;AccessoDisabili;4.0
481;27;240;21/11/2010;Costi;2.5
482;28;184;20/10/2010;AccessoDisabili;Cibo;1.0;3.0
483;41;29;19/03/2010;Costi;Cibo;1.5;3.5
484;46;205;10/06/2010;Costi;3.5
485;36;165;18/08/2010;Parcheggio;Atmosfera;2.5;5.0
486;11;216;06/12/2010;Atmosfera;4.0
487;42;1;11/09/2010;AccessoDisabili;Atmosfera;Cibo;4.0;4.0;1.0
488;16;162;15/01/2010;Cibo;1.0
489;41;141;09/12/2010;AccessoDisabili;Costi;3.0;3.0
490;46;32;29/09/2010;Atmosfera;Parcheggio;4.5;1.0
491;47;248;12/03/2010;Atmosfera;0.5
492;13;265;06/11/2010;Atmosfera;AccessoDisabili;Cibo;3.0;4.5;4.5
493;22;251;10/04/2010;AccessoDisabili;Atmosfera;5.0;2.0
494;38;76;12/03/2010;Costi;AccessoDisabili;0.5;0.5
495;20;6;21/10/2010;Costi;AccessoDisabili;Parcheggio;2.0;4.5;0.0
496;46;277;22/04/2010;Costi;4.5
497;4;130;26/02/2010;Costi;4.0
498;29;178;01/10/2010;Costi;Cibo;0.0;1.0
499;40;179;21/03/2010;Atmosfera;AccessoDisabili;2.0;4.5
